<?xml version="1.0" encoding="UTF-8"?>
<root>
	<city1>
		<id>1</id>
		<name>Etihad</name>
		<x>53.48</x>
		<y>2</y>
		<localdate>2022-05-10</localdate>
		<area>7140</area>
		<population>55970</population>
		<metersabovesealevel>0.0</metersabovesealevel>
		<timezone>-1.0</timezone>
		<carcode>5</carcode>
		<government>NULL</government>
		<Governor>Al-Mubarak</Governor>
	</city1>
	<city2>
		<id>5</id>
		<name>Anfield</name>
		<x>57.7</x>
		<y>45</y>
		<localdate>2022-05-12</localdate>
		<area>5000</area>
		<population>50900</population>
		<metersabovesealevel>13.0</metersabovesealevel>
		<timezone>1.0</timezone>
		<carcode>9</carcode>
		<government>DESPOTISM</government>
		<Governor>Jurgen</Governor>
	</city2>
	<city3>
		<id>3</id>
		<name>Ronney</name>
		<x>497.5</x>
		<y>556</y>
		<localdate>2022-05-06</localdate>
		<area>6546</area>
		<population>353453</population>
		<metersabovesealevel>44.7</metersabovesealevel>
		<timezone>5.3</timezone>
		<carcode>3</carcode>
		<government>JUNTA</government>
		<Governor>Ronaldo</Governor>
	</city3>
	<city4>
		<id>4</id>
		<name>Afines</name>
		<x>305.7</x>
		<y>284</y>
		<localdate>2022-05-06</localdate>
		<area>105000</area>
		<population>300000</population>
		<metersabovesealevel>15.6</metersabovesealevel>
		<timezone>1.3</timezone>
		<carcode>1</carcode>
		<government>COMMUNISM</government>
		<Governor>Afina</Governor>
	</city4>
	<city5>
		<id>2</id>
		<name>Sparta</name>
		<x>506.6</x>
		<y>457</y>
		<localdate>2022-05-06</localdate>
		<area>700000</area>
		<population>550000</population>
		<metersabovesealevel>72.4</metersabovesealevel>
		<timezone>3.7</timezone>
		<carcode>2</carcode>
		<government>PUPPET_STATE</government>
		<Governor>Slark</Governor>
	</city5>
</root>